[
{
    "model": "cars.car",
    "pk": 1,
    "fields": {
        "car_title": "2017 Ferrari 488 GTB",
        "state": "CA",
        "city": "San Jose",
        "color": "White",
        "model": "488 GTB",
        "year": 2017,
        "condition": "Used",
        "price": 40000,
        "description": "<p>The&nbsp;<strong>Ferrari 488</strong>&nbsp;(Type F142M) is a&nbsp;<a href=\"https://en.wikipedia.org/wiki/Rear_mid-engine,_rear-wheel_drive_layout\" title=\"Rear mid-engine, rear-wheel drive layout\">mid-engine</a>&nbsp;<a href=\"https://en.wikipedia.org/wiki/Sports_car\" title=\"Sports car\">sports car</a>&nbsp;produced by the Italian automobile manufacturer&nbsp;<a href=\"https://en.wikipedia.org/wiki/Ferrari\" title=\"Ferrari\">Ferrari</a>. The car replaced the&nbsp;<a href=\"https://en.wikipedia.org/wiki/Ferrari_458\" title=\"Ferrari 458\">458</a>, being the first mid-engine Ferrari to use a turbocharged V8 since the&nbsp;<a href=\"https://en.wikipedia.org/wiki/Ferrari_F40\" title=\"Ferrari F40\">F40</a>.</p>\r\n\r\n<p>The car is powered by a 3.9-litre&nbsp;<a href=\"https://en.wikipedia.org/wiki/Twin-turbocharged\" title=\"Twin-turbocharged\">twin-turbocharged</a>&nbsp;<a href=\"https://en.wikipedia.org/wiki/V8_engine\" title=\"V8 engine\">V8 engine</a>, smaller in displacement but generating a higher power output than the 458&#39;s&nbsp;<a href=\"https://en.wikipedia.org/wiki/Naturally_aspirated_engine\" title=\"Naturally aspirated engine\">naturally aspirated engine</a>. The 488 GTB was named &quot;The Supercar of the Year 2015&quot; by car magazine&nbsp;<a href=\"https://en.wikipedia.org/wiki/Top_Gear_(magazine)\" title=\"Top Gear (magazine)\"><em>Top Gear</em></a>, as well as becoming&nbsp;<em><a href=\"https://en.wikipedia.org/wiki/Motor_Trend\" title=\"Motor Trend\">Motor Trend</a></em>&#39;s 2017 &quot;Best Driver&#39;s Car&quot;.<a href=\"https://en.wikipedia.org/wiki/Ferrari_488#cite_note-7\">[7]</a>&nbsp;<a href=\"https://en.wikipedia.org/wiki/Jeremy_Clarkson\" title=\"Jeremy Clarkson\">Jeremy Clarkson</a>&nbsp;announced the 488 Pista as his 2019 Supercar of the Year.<a href=\"https://en.wikipedia.org/wiki/Ferrari_488#cite_note-8\">[8]</a>&nbsp;The 488 was succeeded by the&nbsp;<a href=\"https://en.wikipedia.org/wiki/Ferrari_F8_Tributo\" title=\"Ferrari F8 Tributo\">F8 Tributo</a>&nbsp;in February 2019.</p>",
        "car_photo": "photos/2020/09/13/1902536891.jpg",
        "car_photo_1": "photos/2020/09/13/1902536917.jpg",
        "car_photo_2": "photos/2020/09/13/1902537043.jpg",
        "car_photo_3": "photos/2020/09/13/1902537077.jpg",
        "car_photo_4": "photos/2020/09/13/1902537082.jpg",
        "features": "Audio Interface,Airbags,Air Conditioning,Seat Heating,Alarm System,ParkAssist,Power Steering,Reversing Camera,Auto Start/Stop,Bluetooth Handset",
        "body_style": "Sport",
        "engine": "3,902 cc",
        "transmission": "Automatic",
        "interior": "Grey",
        "miles": 10000,
        "doors": "2",
        "passengers": 2,
        "vin_no": "VGTJG45GTRG6",
        "milage": 5,
        "fuel_type": "Petrol",
        "no_of_owners": "1",
        "is_featured": true,
        "created_date": "2020-09-13T07:18:03Z"
    }
},
{
    "model": "cars.car",
    "pk": 2,
    "fields": {
        "car_title": "2017 Ford Edge",
        "state": "FL",
        "city": "Miami",
        "color": "Black",
        "model": "Edge",
        "year": 2017,
        "condition": "Used",
        "price": 30000,
        "description": "<p>The&nbsp;<strong>Ford Edge</strong>&nbsp;is a range of&nbsp;<a href=\"https://en.wikipedia.org/wiki/Crossover_SUV\" title=\"Crossover SUV\">crossover SUVs</a>&nbsp;manufactured by the&nbsp;<a href=\"https://en.wikipedia.org/wiki/Ford_Motor_Company\" title=\"Ford Motor Company\">Ford Motor Company</a>. Introduced for the 2007 model year, the Edge is the first CUV marketed by Ford in North America; the model line is currently in its second generation. Deriving its name from a trim package of the&nbsp;<a href=\"https://en.wikipedia.org/wiki/Ford_Ranger_(Americas)\" title=\"Ford Ranger (Americas)\">Ford Ranger</a>, the Ford Edge is slotted between the&nbsp;<a href=\"https://en.wikipedia.org/wiki/Ford_Escape\" title=\"Ford Escape\">Ford Escape</a>&nbsp;and the&nbsp;<a href=\"https://en.wikipedia.org/wiki/Ford_Explorer\" title=\"Ford Explorer\">Ford Explorer</a>&nbsp;within the Ford product line.</p>",
        "car_photo": "photos/2020/09/13/1901478607.jpg",
        "car_photo_1": "photos/2020/09/13/1901478618.jpg",
        "car_photo_2": "photos/2020/09/13/1901478646.jpg",
        "car_photo_3": "photos/2020/09/13/1901478672.jpg",
        "car_photo_4": "photos/2020/09/13/1901478687.jpg",
        "features": "Airbags,ParkAssist,Reversing Camera,Wind Deflector,Bluetooth Handset",
        "body_style": "SUV",
        "engine": "1,999 cc",
        "transmission": "Automatic",
        "interior": "Grey",
        "miles": 20000,
        "doors": "5",
        "passengers": 6,
        "vin_no": "JDIRNF56NFIR",
        "milage": 20,
        "fuel_type": "Petrol",
        "no_of_owners": "1",
        "is_featured": false,
        "created_date": "2020-09-13T12:51:22Z"
    }
},
{
    "model": "cars.car",
    "pk": 3,
    "fields": {
        "car_title": "2017 Ford F-250 Super Duty",
        "state": "NY",
        "city": "Ithaca",
        "color": "Black",
        "model": "F-250 Super Duty",
        "year": 2017,
        "condition": "Used",
        "price": 35000,
        "description": "<p>The&nbsp;<strong>Ford Super Duty</strong>&nbsp;(short for F-Series Super Duty) is a series of trucks manufactured by&nbsp;<a href=\"https://en.wikipedia.org/wiki/Ford_Motor_Company\" title=\"Ford Motor Company\">Ford Motor Company</a>. Introduced in 1998 for the 1999 model year, the F-Series Super Duty trucks marked the addition of a heavy-duty pickup to the&nbsp;<a href=\"https://en.wikipedia.org/wiki/Ford_F-Series\" title=\"Ford F-Series\">Ford F-Series</a>&nbsp;range with the new versions of the F-250, F-350, and F-450 pickups, while the previous 1987&ndash;1997 F-Super Duty&nbsp;<a href=\"https://en.wikipedia.org/wiki/Chassis_cab\" title=\"Chassis cab\">chassis cabs</a>&nbsp;were replaced by the F-450 chassis cab and F-550 Super Duty.</p>",
        "car_photo": "photos/2020/09/13/1894300894.jpg",
        "car_photo_1": "photos/2020/09/13/1894300905.jpg",
        "car_photo_2": "photos/2020/09/13/1894300920.jpg",
        "car_photo_3": "photos/2020/09/13/1900155012.jpg",
        "car_photo_4": "photos/2020/09/13/1900155133.jpg",
        "features": "Cruise Control,Air Conditioning,Reversing Camera,Wind Deflector,Bluetooth Handset",
        "body_style": "SUV",
        "engine": "1,999 cc",
        "transmission": "Manual",
        "interior": "Grey",
        "miles": 45000,
        "doors": "2",
        "passengers": 2,
        "vin_no": "HDEU4647Z",
        "milage": 10,
        "fuel_type": "Petrol",
        "no_of_owners": "1",
        "is_featured": false,
        "created_date": "2020-09-13T13:02:12Z"
    }
},
{
    "model": "cars.car",
    "pk": 4,
    "fields": {
        "car_title": "2017 Jaguar F-PACE",
        "state": "HI",
        "city": "Hilo",
        "color": "Green",
        "model": "F-PACE",
        "year": 2017,
        "condition": "Used",
        "price": 75000,
        "description": "<p>The&nbsp;<strong>Jaguar F-Pace</strong>&nbsp;(codename X761) is a&nbsp;<a href=\"https://en.wikipedia.org/wiki/Compact_executive_car\" title=\"Compact executive car\">compact luxury</a>&nbsp;<a href=\"https://en.wikipedia.org/wiki/Crossover_SUV\" title=\"Crossover SUV\">crossover SUV</a>&nbsp;made by British&nbsp;<a href=\"https://en.wikipedia.org/wiki/Automaker\" title=\"Automaker\">car manufacturer</a>&nbsp;<a href=\"https://en.wikipedia.org/wiki/Jaguar_Land_Rover\" title=\"Jaguar Land Rover\">Jaguar Land Rover</a>&nbsp;under their&nbsp;<a href=\"https://en.wikipedia.org/wiki/Jaguar_Cars\" title=\"Jaguar Cars\">Jaguar marque</a>, the first model to be built by Jaguar in the crossover SUV class. It was formally announced at the&nbsp;<a href=\"https://en.wikipedia.org/wiki/North_American_International_Auto_Show#2015\" title=\"North American International Auto Show\">2015 North American International Auto Show</a>&nbsp;in Detroit, with sales commencing in 2016 following an unveiling at the&nbsp;<a href=\"https://en.wikipedia.org/wiki/International_Motor_Show_Germany#2015\" title=\"International Motor Show Germany\">International Motor Show Germany</a>&nbsp;in Frankfurt in September 2015.The design of the F-Pace is based on the 2013&nbsp;<a href=\"https://en.wikipedia.org/wiki/Jaguar_C-X17\" title=\"Jaguar C-X17\">Jaguar C-X17</a>&nbsp;concept car.The 2017 Jaguar F-PACE has been named the honorary winner of the 2017 World Car of the Year and World Car Design of the Year Awards at the&nbsp;<a href=\"https://en.wikipedia.org/wiki/New_York_International_Auto_Show\" title=\"New York International Auto Show\">New York International Auto Show</a>.</p>",
        "car_photo": "photos/2020/09/13/1902932503.jpg",
        "car_photo_1": "photos/2020/09/13/1902932514.jpg",
        "car_photo_2": "photos/2020/09/13/1902932528.jpg",
        "car_photo_3": "photos/2020/09/13/1902932542.jpg",
        "car_photo_4": "",
        "features": "Cruise Control,Audio Interface,Airbags,Air Conditioning,Seat Heating,Alarm System,ParkAssist,Power Steering,Reversing Camera,Direct Fuel Injection,Auto Start/Stop,Wind Deflector,Bluetooth Handset",
        "body_style": "Sport",
        "engine": "3,902 cc",
        "transmission": "Automatic",
        "interior": "Grey",
        "miles": 5000,
        "doors": "5",
        "passengers": 5,
        "vin_no": "JDIRNF56NFIR34",
        "milage": 12,
        "fuel_type": "Diesel",
        "no_of_owners": "1",
        "is_featured": true,
        "created_date": "2020-09-13T13:12:15Z"
    }
},
{
    "model": "cars.car",
    "pk": 5,
    "fields": {
        "car_title": "2018 Toyota 4Runner",
        "state": "IA",
        "city": "Ames",
        "color": "Grey",
        "model": "4Runner",
        "year": 2018,
        "condition": "Used",
        "price": 60000,
        "description": "<p>The&nbsp;<strong>Toyota 4Runner</strong>&nbsp;is a compact, later mid-size&nbsp;<a href=\"https://en.wikipedia.org/wiki/Sport_utility_vehicle\" title=\"Sport utility vehicle\">sport utility vehicle</a>&nbsp;produced by the Japanese manufacturer&nbsp;<a href=\"https://en.wikipedia.org/wiki/Toyota\" title=\"Toyota\">Toyota</a>&nbsp;and sold throughout the world from 1984 to present. In Japan, it is known as the&nbsp;<strong>Toyota Hilux Surf</strong>&nbsp;(Japanese: \u30c8\u30e8\u30bf\u30fb\u30cf\u30a4\u30e9\u30c3\u30af\u30b9\u30b5\u30fc\u30d5,&nbsp;<em>Toyota Hairakkusus\u0101fu</em>)&nbsp;which was withdrawn from the market in 2009. The original 4Runner was a&nbsp;<a href=\"https://en.wikipedia.org/wiki/Compact_SUV\" title=\"Compact SUV\">compact SUV</a>&nbsp;and little more than a Toyota pickup truck with a fiberglass shell over the bed, but the model has since undergone significant independent development into a cross between a compact and a mid-size SUV. All 4Runners have been built in Japan at Toyota&#39;s&nbsp;<a href=\"https://en.wikipedia.org/wiki/Tahara_plant\" title=\"Tahara plant\">plant</a>&nbsp;in&nbsp;<a href=\"https://en.wikipedia.org/wiki/Tahara,_Aichi\" title=\"Tahara, Aichi\">Tahara, Aichi</a>, or at the&nbsp;<a href=\"https://en.wikipedia.org/wiki/Hino_Motors\" title=\"Hino Motors\">Hino Motors</a>&nbsp;(a Toyota subsidiary) plant in&nbsp;<a href=\"https://en.wikipedia.org/wiki/Hamura\" title=\"Hamura\">Hamura</a>.</p>",
        "car_photo": "photos/2020/09/13/1893633875.jpg",
        "car_photo_1": "photos/2020/09/13/1893633879.jpg",
        "car_photo_2": "photos/2020/09/13/1893633884.jpg",
        "car_photo_3": "photos/2020/09/13/1896836883.jpg",
        "car_photo_4": "photos/2020/09/13/1896836887.jpg",
        "features": "Airbags,Seat Heating,Alarm System,Power Steering,Direct Fuel Injection,Auto Start/Stop,Wind Deflector",
        "body_style": "Compact SUV",
        "engine": "3,902 cc",
        "transmission": "Automatic",
        "interior": "Black",
        "miles": 34000,
        "doors": "5",
        "passengers": 6,
        "vin_no": "HDEU4647Z34",
        "milage": 19,
        "fuel_type": "Diesel",
        "no_of_owners": "1",
        "is_featured": true,
        "created_date": "2020-09-13T07:54:48Z"
    }
},
{
    "model": "cars.car",
    "pk": 6,
    "fields": {
        "car_title": "2018 Toyota Corolla",
        "state": "IA",
        "city": "Sioux",
        "color": "White",
        "model": "Corolla",
        "year": 2018,
        "condition": "Used",
        "price": 46000,
        "description": "<p>The&nbsp;<strong>Toyota Corolla</strong>&nbsp;(Japanese: \u30c8\u30e8\u30bf\u30fb\u30ab\u30ed\u30fc\u30e9,&nbsp;<em>Toyota Kar\u014dra</em>)&nbsp;is a line of&nbsp;<a href=\"https://en.wikipedia.org/wiki/Subcompact_car\" title=\"Subcompact car\">subcompact</a>&nbsp;and&nbsp;<a href=\"https://en.wikipedia.org/wiki/Compact_car\" title=\"Compact car\">compact cars</a>&nbsp;manufactured by&nbsp;<a href=\"https://en.wikipedia.org/wiki/Toyota\" title=\"Toyota\">Toyota</a>. Introduced in 1966, the Corolla was the best-selling car worldwide by 1974 and has been one of the best-selling cars in the world since then. In 1997, the Corolla became the&nbsp;<a href=\"https://en.wikipedia.org/wiki/List_of_automobile_sales_by_model\" title=\"List of automobile sales by model\">best selling nameplate in the world</a>, surpassing the&nbsp;<a href=\"https://en.wikipedia.org/wiki/Volkswagen_Beetle\" title=\"Volkswagen Beetle\">Volkswagen Beetle</a>.&nbsp;Toyota reached the milestone of 44 million Corollas sold over twelve generations in 2016.&nbsp;The series has undergone several major redesigns.</p>",
        "car_photo": "photos/2020/09/13/1900893299.jpg",
        "car_photo_1": "photos/2020/09/13/1900893311.jpg",
        "car_photo_2": "photos/2020/09/13/1900893319.jpg",
        "car_photo_3": "photos/2020/09/13/1900893329.jpg",
        "car_photo_4": "photos/2020/09/13/1900893391.jpg",
        "features": "Airbags,Air Conditioning,Alarm System,Wind Deflector,Bluetooth Handset",
        "body_style": "Sub-Compact",
        "engine": "1,999 cc",
        "transmission": "Automatic",
        "interior": "Black",
        "miles": 20000,
        "doors": "5",
        "passengers": 6,
        "vin_no": "HDEU4647Z44",
        "milage": 25,
        "fuel_type": "Diesel",
        "no_of_owners": "2",
        "is_featured": false,
        "created_date": "2020-09-13T13:25:31Z"
    }
},
{
    "model": "contacts.contact",
    "pk": 1,
    "fields": {
        "first_name": "Sumit",
        "last_name": "Hanchate",
        "city": "Austin",
        "state": "Sanfrancisco",
        "car_id": 6,
        "customer_need": "I'd like to test drive this",
        "car_title": "2018 Toyota Corolla",
        "email": "hsumit61@gmail.com",
        "phone": "0940 322 0370",
        "message": "i want to drive this car before buying.",
        "user_id": 1,
        "create_date": "2020-10-04T14:10:27.145Z"
    }
},
{
    "model": "contacts.contact",
    "pk": 2,
    "fields": {
        "first_name": "xyz",
        "last_name": "pqr",
        "city": "LATUR",
        "state": "MAHARASHTRA",
        "car_id": 4,
        "customer_need": "I'd like a history report for this",
        "car_title": "2017 Jaguar F-PACE",
        "email": "xyz@gfd.cjd",
        "phone": "0940 322 0370",
        "message": "iwwdwid",
        "user_id": 0,
        "create_date": "2020-10-04T14:12:05.162Z"
    }
},
{
    "model": "contacts.contact",
    "pk": 3,
    "fields": {
        "first_name": "Sumit",
        "last_name": "Hanchate",
        "city": "Nashik",
        "state": "34",
        "car_id": 3,
        "customer_need": "I'm interested in this",
        "car_title": "2017 Ford F-250 Super Duty",
        "email": "hsumit61@gmail.com",
        "phone": "0940 322 0370",
        "message": "bjhhj",
        "user_id": 1,
        "create_date": "2020-10-04T14:13:52.782Z"
    }
},
{
    "model": "contacts.contact",
    "pk": 4,
    "fields": {
        "first_name": "Sumit",
        "last_name": "Hanchate",
        "city": "latur",
        "state": "MAHARASHTRA",
        "car_id": 5,
        "customer_need": "I'm interested in this",
        "car_title": "2018 Toyota 4Runner",
        "email": "hsanjana@gmail.com",
        "phone": "0940 322 0370",
        "message": "",
        "user_id": 10,
        "create_date": "2020-10-04T14:31:02.616Z"
    }
},
{
    "model": "contacts.contact",
    "pk": 5,
    "fields": {
        "first_name": "Sumit",
        "last_name": "Hanchate",
        "city": "LATUR",
        "state": "34",
        "car_id": 2,
        "customer_need": "I'm interested in this",
        "car_title": "2017 Ford Edge",
        "email": "hsanjana@gmail.com",
        "phone": "09403220370",
        "message": "",
        "user_id": 10,
        "create_date": "2020-10-04T15:58:37.817Z"
    }
},
{
    "model": "contacts.contact",
    "pk": 6,
    "fields": {
        "first_name": "Sumit",
        "last_name": "Hanchate",
        "city": "LATUR",
        "state": "MAHARASHTRA",
        "car_id": 2,
        "customer_need": "I'm interested in this",
        "car_title": "2017 Ford Edge",
        "email": "hsanjana@gmail.com",
        "phone": "0940 322 0370",
        "message": "",
        "user_id": 10,
        "create_date": "2020-10-04T15:58:48.020Z"
    }
},
{
    "model": "contacts.contact",
    "pk": 7,
    "fields": {
        "first_name": "sanjana",
        "last_name": "Hanchate",
        "city": "Denver",
        "state": "Colorado",
        "car_id": 2,
        "customer_need": "I'm interested in this",
        "car_title": "2017 Ford Edge",
        "email": "hsumit61@gmail.com",
        "phone": "9707769970",
        "message": "",
        "user_id": 10,
        "create_date": "2020-10-04T15:59:08.698Z"
    }
},
{
    "model": "contacts.contact",
    "pk": 8,
    "fields": {
        "first_name": "Sumit",
        "last_name": "Hanchate",
        "city": "LATUR",
        "state": "MAHARASHTRA",
        "car_id": 2,
        "customer_need": "I'm interested in this",
        "car_title": "2017 Ford Edge",
        "email": "hsanjana@gmail.com",
        "phone": "0940 322 0370",
        "message": "",
        "user_id": 10,
        "create_date": "2020-10-04T15:59:47.875Z"
    }
},
{
    "model": "contacts.contact",
    "pk": 9,
    "fields": {
        "first_name": "sanjana",
        "last_name": "Hanchate",
        "city": "Denver",
        "state": "Colorado",
        "car_id": 6,
        "customer_need": "I'm interested in this",
        "car_title": "2018 Toyota Corolla",
        "email": "hsumit61@gmail.com",
        "phone": "9707769970",
        "message": "",
        "user_id": 10,
        "create_date": "2020-10-04T16:00:09.732Z"
    }
},
{
    "model": "contacts.contact",
    "pk": 10,
    "fields": {
        "first_name": "Sumit",
        "last_name": "Hanchate",
        "city": "LATUR",
        "state": "MAHARASHTRA",
        "car_id": 6,
        "customer_need": "I'm interested in this",
        "car_title": "2018 Toyota Corolla",
        "email": "hsumit61@gmail.com",
        "phone": "0940 322 0370",
        "message": "",
        "user_id": 8,
        "create_date": "2020-10-04T16:04:06.519Z"
    }
},
{
    "model": "contacts.contact",
    "pk": 11,
    "fields": {
        "first_name": "Sumit",
        "last_name": "Hanchate",
        "city": "LATUR",
        "state": "MAHARASHTRA",
        "car_id": 1,
        "customer_need": "I'm interested in this",
        "car_title": "2017 Ferrari 488 GTB",
        "email": "hsanjana@gmail.com",
        "phone": "0940 322 0370",
        "message": "",
        "user_id": 10,
        "create_date": "2020-10-04T17:18:22.070Z"
    }
},
{
    "model": "contacts.contact",
    "pk": 12,
    "fields": {
        "first_name": "john",
        "last_name": "doe",
        "city": "Denver",
        "state": "Colorado",
        "car_id": 4,
        "customer_need": "I'm interested in this",
        "car_title": "2017 Jaguar F-PACE",
        "email": "jhondoe@gmail.com",
        "phone": "9707769970",
        "message": "",
        "user_id": 11,
        "create_date": "2020-10-04T19:38:48.261Z"
    }
},
{
    "model": "auth.user",
    "fields": {
        "password": "pbkdf2_sha256$180000$aknY720s7s4j$2xjKm7khrtIkKXKyhij/gZUPjrqZSO/4JG3gvQw8WJY=",
        "last_login": "2020-10-06T14:51:28.363Z",
        "is_superuser": true,
        "username": "sumit",
        "first_name": "",
        "last_name": "",
        "email": "hsumith4@gmail.com",
        "is_staff": true,
        "is_active": true,
        "date_joined": "2020-09-11T05:31:10Z",
        "groups": [],
        "user_permissions": []
    }
},
{
    "model": "auth.user",
    "fields": {
        "password": "pbkdf2_sha256$180000$Ala3osUmNbbZ$PF/avttCzc+x2KShN3qaT7tnHTHCGRz3cOcIQ9FJQmY=",
        "last_login": "2020-10-02T06:58:47.355Z",
        "is_superuser": false,
        "username": "sumit123",
        "first_name": "Sumit",
        "last_name": "Hanchate",
        "email": "hsumit61@gmail.com",
        "is_staff": false,
        "is_active": true,
        "date_joined": "2020-10-02T06:58:46.957Z",
        "groups": [],
        "user_permissions": []
    }
},
{
    "model": "auth.user",
    "fields": {
        "password": "pbkdf2_sha256$180000$VvEhZBMFUzpo$J/AuX9cB6Ecxem805MSU+MDw/zYIl6YxLahyvrcaJio=",
        "last_login": "2020-10-02T07:22:56.817Z",
        "is_superuser": false,
        "username": "test1",
        "first_name": "test1",
        "last_name": "test1",
        "email": "test1@test.com",
        "is_staff": false,
        "is_active": true,
        "date_joined": "2020-10-02T07:02:41.535Z",
        "groups": [],
        "user_permissions": []
    }
},
{
    "model": "auth.user",
    "fields": {
        "password": "pbkdf2_sha256$180000$Bo6ReT4g5rfK$wTtwZBbALaDO3mHH2BGTTZ8xCeGq8gbI9OzUiOhqsUE=",
        "last_login": "2020-10-02T07:26:24.454Z",
        "is_superuser": false,
        "username": "sanju",
        "first_name": "sanjana ",
        "last_name": "Hanchate",
        "email": "sanjaqna@gmail.com",
        "is_staff": false,
        "is_active": true,
        "date_joined": "2020-10-02T07:25:08.928Z",
        "groups": [],
        "user_permissions": []
    }
},
{
    "model": "auth.user",
    "fields": {
        "password": "pbkdf2_sha256$180000$owTFcY0FO0YZ$CyTei0pfEkXfiDr04MfFKaV8AjE9dlFNQLgI/DJLz+w=",
        "last_login": "2020-10-02T07:27:23.383Z",
        "is_superuser": false,
        "username": "truu",
        "first_name": "trupti",
        "last_name": "hanchate",
        "email": "trupti@gmail.com",
        "is_staff": false,
        "is_active": true,
        "date_joined": "2020-10-02T07:27:23.133Z",
        "groups": [],
        "user_permissions": []
    }
},
{
    "model": "auth.user",
    "fields": {
        "password": "!MjftMQypXStwUXpRLi3tUTvDEYEVbghYjo1VMuSH",
        "last_login": "2020-10-03T10:58:23.223Z",
        "is_superuser": false,
        "username": "sumit4",
        "first_name": "Sumit",
        "last_name": "Hanchate",
        "email": "",
        "is_staff": false,
        "is_active": true,
        "date_joined": "2020-10-03T08:06:38.283Z",
        "groups": [],
        "user_permissions": []
    }
},
{
    "model": "auth.user",
    "fields": {
        "password": "!fb16CjAZ4zyU4NsDGGGrBtST0VvnqmqZRmgyzK18",
        "last_login": "2020-10-04T10:33:36.670Z",
        "is_superuser": false,
        "username": "sumit9",
        "first_name": "Sumit",
        "last_name": "Hanchate",
        "email": "",
        "is_staff": false,
        "is_active": true,
        "date_joined": "2020-10-03T10:50:46.685Z",
        "groups": [],
        "user_permissions": []
    }
},
{
    "model": "auth.user",
    "fields": {
        "password": "!oAjpc72mOp4KOBEyvQweVmsDNRVR3H1Yt2C3ePPB",
        "last_login": "2020-10-03T10:53:01.304Z",
        "is_superuser": false,
        "username": "sumit8",
        "first_name": "sumit",
        "last_name": "hanchate",
        "email": "",
        "is_staff": false,
        "is_active": true,
        "date_joined": "2020-10-03T10:53:01.228Z",
        "groups": [],
        "user_permissions": []
    }
},
{
    "model": "auth.user",
    "fields": {
        "password": "pbkdf2_sha256$180000$HBUaIbsgeD4r$iLNr4EalOe7AKWLNSFoHSE27Xevb+9f2aPJWlFl539I=",
        "last_login": "2020-10-04T13:47:43.953Z",
        "is_superuser": false,
        "username": "sanjana123",
        "first_name": "sanjana",
        "last_name": "Hanchate",
        "email": "hsanjana@gmail.com",
        "is_staff": false,
        "is_active": true,
        "date_joined": "2020-10-04T09:00:15.970Z",
        "groups": [],
        "user_permissions": []
    }
},
{
    "model": "auth.user",
    "fields": {
        "password": "pbkdf2_sha256$180000$p2JAHgaDUDDE$s7uQufwrV6fX3hd4ustlSHUc5kPBaltg/hIQFm84kEM=",
        "last_login": "2020-10-04T14:07:57.542Z",
        "is_superuser": false,
        "username": "john",
        "first_name": "john",
        "last_name": "doe",
        "email": "john@gmail.com",
        "is_staff": false,
        "is_active": true,
        "date_joined": "2020-10-04T14:07:57.125Z",
        "groups": [],
        "user_permissions": []
    }
},
{
    "model": "sessions.session",
    "pk": "1rrkgulkb9gh4gebdfnh6eep8m6fl6c2",
    "fields": {
        "session_data": "ZDZmYTJmZDM4MjcxMzUwMGYxM2M3YTZjMTNkMGExZmQ1MGZiNDViNzp7InNvY2lhbGFjY291bnRfc3RhdGUiOlt7InByb2Nlc3MiOiJsb2dpbiIsInNjb3BlIjoiIiwiYXV0aF9wYXJhbXMiOiIifSwiSzlPa3c0dkZDSDNzIl19",
        "expire_date": "2020-10-17T07:38:42.988Z"
    }
},
{
    "model": "sessions.session",
    "pk": "d3ogyky9gt87wor64oti4uwue5alskg3",
    "fields": {
        "session_data": "ZTNlMDkxNjAyYmRmZmE2MDZiNjE1NTY4NDU3NGU3NjhjMTA3NzI3MTp7Il9hdXRoX3VzZXJfaWQiOiIxIiwiX2F1dGhfdXNlcl9iYWNrZW5kIjoiZGphbmdvLmNvbnRyaWIuYXV0aC5iYWNrZW5kcy5Nb2RlbEJhY2tlbmQiLCJfYXV0aF91c2VyX2hhc2giOiJmMjg2NzA2M2MzODU1MWJlYTc2MTY2ZDE5ODg0MGQ5M2YzNjdlMjNlIn0=",
        "expire_date": "2020-10-20T14:51:28.400Z"
    }
},
{
    "model": "sessions.session",
    "pk": "ds83zqzwkpyzrxxu7sypnb4euf541ke8",
    "fields": {
        "session_data": "NjRjMGNjMzQ4OTZhYTZiY2ZlZTliOTk1NzBkYzU2NzM3ZjYxMDliMTp7Il9hdXRoX3VzZXJfaWQiOiIxMCIsIl9hdXRoX3VzZXJfYmFja2VuZCI6ImRqYW5nby5jb250cmliLmF1dGguYmFja2VuZHMuTW9kZWxCYWNrZW5kIiwiX2F1dGhfdXNlcl9oYXNoIjoiYjA0YzBjNDAwYmVjMDVkZGU5NGQ3MWFiYmIxZDU0MWFmOWI0OGY4MSJ9",
        "expire_date": "2020-10-18T11:42:36.443Z"
    }
},
{
    "model": "sessions.session",
    "pk": "hwfw24zd4bp9xdols3372fpo1da2i1yh",
    "fields": {
        "session_data": "ZTNlMDkxNjAyYmRmZmE2MDZiNjE1NTY4NDU3NGU3NjhjMTA3NzI3MTp7Il9hdXRoX3VzZXJfaWQiOiIxIiwiX2F1dGhfdXNlcl9iYWNrZW5kIjoiZGphbmdvLmNvbnRyaWIuYXV0aC5iYWNrZW5kcy5Nb2RlbEJhY2tlbmQiLCJfYXV0aF91c2VyX2hhc2giOiJmMjg2NzA2M2MzODU1MWJlYTc2MTY2ZDE5ODg0MGQ5M2YzNjdlMjNlIn0=",
        "expire_date": "2020-09-25T06:05:55.605Z"
    }
},
{
    "model": "sessions.session",
    "pk": "i6lwreh3nxa89mjzlph7hacxbhwstkhq",
    "fields": {
        "session_data": "YzcwOTMyMmVmYmNlZjI5OWE4ZWU1YmQ0ODJlNmIyZmQ1ZDUxN2QxZDp7Il9hdXRoX3VzZXJfaWQiOiI4IiwiX2F1dGhfdXNlcl9iYWNrZW5kIjoiZGphbmdvLmNvbnRyaWIuYXV0aC5iYWNrZW5kcy5Nb2RlbEJhY2tlbmQiLCJfYXV0aF91c2VyX2hhc2giOiJkZDJkNGMzNDBlM2EyMzRjMTE1NjgwOTE3MTBiYzM2MDFmMDVhZWU5In0=",
        "expire_date": "2020-10-18T10:33:36.679Z"
    }
},
{
    "model": "sessions.session",
    "pk": "ibtbh7il42n3h4kf7ttoh47y6pfpadhl",
    "fields": {
        "session_data": "ZTNlMDkxNjAyYmRmZmE2MDZiNjE1NTY4NDU3NGU3NjhjMTA3NzI3MTp7Il9hdXRoX3VzZXJfaWQiOiIxIiwiX2F1dGhfdXNlcl9iYWNrZW5kIjoiZGphbmdvLmNvbnRyaWIuYXV0aC5iYWNrZW5kcy5Nb2RlbEJhY2tlbmQiLCJfYXV0aF91c2VyX2hhc2giOiJmMjg2NzA2M2MzODU1MWJlYTc2MTY2ZDE5ODg0MGQ5M2YzNjdlMjNlIn0=",
        "expire_date": "2020-10-16T08:43:17.911Z"
    }
},
{
    "model": "sessions.session",
    "pk": "or855ockl55ivd1ke2ben1fkfji8cam9",
    "fields": {
        "session_data": "NDEzOTU0OTRkMmJkZDU1ZjA4Y2VmMzBkOTNlYThkNGQ2NWQ4YTk2Zjp7Il9hdXRoX3VzZXJfaWQiOiI0IiwiX2F1dGhfdXNlcl9iYWNrZW5kIjoiZGphbmdvLmNvbnRyaWIuYXV0aC5iYWNrZW5kcy5Nb2RlbEJhY2tlbmQiLCJfYXV0aF91c2VyX2hhc2giOiIzNzRmNDg0MGE3ZWM2YmRlYTMyNGMwM2MyYjAzYTUwMmE3YTY4NzUzIn0=",
        "expire_date": "2020-10-16T07:25:09.297Z"
    }
},
{
    "model": "sessions.session",
    "pk": "rkiyfq7tqnwchy8wc5bxcm8cqcss6yn1",
    "fields": {
        "session_data": "NjRjMGNjMzQ4OTZhYTZiY2ZlZTliOTk1NzBkYzU2NzM3ZjYxMDliMTp7Il9hdXRoX3VzZXJfaWQiOiIxMCIsIl9hdXRoX3VzZXJfYmFja2VuZCI6ImRqYW5nby5jb250cmliLmF1dGguYmFja2VuZHMuTW9kZWxCYWNrZW5kIiwiX2F1dGhfdXNlcl9oYXNoIjoiYjA0YzBjNDAwYmVjMDVkZGU5NGQ3MWFiYmIxZDU0MWFmOWI0OGY4MSJ9",
        "expire_date": "2020-10-18T09:00:16.389Z"
    }
},
{
    "model": "sessions.session",
    "pk": "x0237acu9m9xnuxeq3scayhgrenddwfb",
    "fields": {
        "session_data": "ZTNlMDkxNjAyYmRmZmE2MDZiNjE1NTY4NDU3NGU3NjhjMTA3NzI3MTp7Il9hdXRoX3VzZXJfaWQiOiIxIiwiX2F1dGhfdXNlcl9iYWNrZW5kIjoiZGphbmdvLmNvbnRyaWIuYXV0aC5iYWNrZW5kcy5Nb2RlbEJhY2tlbmQiLCJfYXV0aF91c2VyX2hhc2giOiJmMjg2NzA2M2MzODU1MWJlYTc2MTY2ZDE5ODg0MGQ5M2YzNjdlMjNlIn0=",
        "expire_date": "2020-10-10T04:26:31.112Z"
    }
},
{
    "model": "pages.team",
    "pk": 2,
    "fields": {
        "first_name": "Martin",
        "last_name": "Smith",
        "designation": "Web Developer",
        "photo": "photos/2020/09/11/avatar-11.jpg",
        "facebook_link": "https://www.facebook.com/",
        "twitter_link": "https://twitter.com/",
        "google_plus_link": "https://plus.google.com/",
        "craeted_date": "2020-09-11T07:05:52.518Z"
    }
},
{
    "model": "pages.team",
    "pk": 3,
    "fields": {
        "first_name": "Stone",
        "last_name": "Carolyn",
        "designation": "Creative Director",
        "photo": "photos/2020/09/11/avatar-1_WyBdItq.jpg",
        "facebook_link": "https://www.facebook.com/",
        "twitter_link": "https://twitter.com/",
        "google_plus_link": "https://plus.google.com/",
        "craeted_date": "2020-09-11T07:06:48.059Z"
    }
},
{
    "model": "pages.team",
    "pk": 4,
    "fields": {
        "first_name": "Brandon",
        "last_name": "Miller",
        "designation": "Manager",
        "photo": "photos/2020/09/11/avatar-10.jpg",
        "facebook_link": "https://www.facebook.com/",
        "twitter_link": "https://twitter.com/",
        "google_plus_link": "https://plus.google.com/",
        "craeted_date": "2020-09-11T07:07:33.101Z"
    }
},
{
    "model": "pages.team",
    "pk": 5,
    "fields": {
        "first_name": "Michelle",
        "last_name": "Nelson",
        "designation": "CEO",
        "photo": "photos/2020/09/11/avatar-9.jpg",
        "facebook_link": "https://www.facebook.com/",
        "twitter_link": "https://twitter.com/",
        "google_plus_link": "https://plus.google.com/",
        "craeted_date": "2020-09-11T07:08:31.969Z"
    }
},
{
    "model": "pages.team",
    "pk": 6,
    "fields": {
        "first_name": "Jhon",
        "last_name": "Doe",
        "designation": "Support Manager",
        "photo": "photos/2020/09/11/avatar-3.jpg",
        "facebook_link": "https://www.facebook.com/",
        "twitter_link": "https://twitter.com/",
        "google_plus_link": "https://plus.google.com/",
        "craeted_date": "2020-09-11T09:26:45.737Z"
    }
},
{
    "model": "sites.site",
    "fields": {
        "domain": "localhost:8000",
        "name": "localhost:8000"
    }
},
{
    "model": "socialaccount.socialapp",
    "pk": 1,
    "fields": {
        "provider": "facebook",
        "name": "Facebook login",
        "client_id": "1265869340439125",
        "secret": "bab9a9c56e75f5e99c871025bdcbd833",
        "key": "",
        "sites": [
            [
                "localhost:8000"
            ]
        ]
    }
},
{
    "model": "socialaccount.socialapp",
    "pk": 2,
    "fields": {
        "provider": "google",
        "name": "google",
        "client_id": "293389847183-u9qqd7mpfhg1cenlimrcc26od4op62he.apps.googleusercontent.com",
        "secret": "4sxVkjAwSMXCoqMxrNtmB4-3",
        "key": "",
        "sites": [
            [
                "localhost:8000"
            ]
        ]
    }
},
{
    "model": "socialaccount.socialaccount",
    "pk": 1,
    "fields": {
        "user": [
            "sumit4"
        ],
        "provider": "google",
        "uid": "101995965329992815993",
        "last_login": "2020-10-03T10:58:23.199Z",
        "date_joined": "2020-10-03T08:06:38.299Z",
        "extra_data": "{\"id\": \"101995965329992815993\", \"name\": \"Sumit Hanchate\", \"given_name\": \"Sumit\", \"family_name\": \"Hanchate\", \"picture\": \"https://lh3.googleusercontent.com/a-/AOh14Gh5222FkYPO1xOFaAFHDhncOrXdpKnZmM8kkBAxTQ\", \"locale\": \"en\"}"
    }
},
{
    "model": "socialaccount.socialaccount",
    "pk": 2,
    "fields": {
        "user": [
            "sumit9"
        ],
        "provider": "facebook",
        "uid": "101664381714394",
        "last_login": "2020-10-04T10:33:36.632Z",
        "date_joined": "2020-10-03T10:50:46.957Z",
        "extra_data": "{\"id\": \"101664381714394\", \"name\": \"Sumit Hanchate\", \"first_name\": \"Sumit\", \"last_name\": \"Hanchate\"}"
    }
},
{
    "model": "socialaccount.socialaccount",
    "pk": 3,
    "fields": {
        "user": [
            "sumit8"
        ],
        "provider": "google",
        "uid": "118266222544627515406",
        "last_login": "2020-10-03T10:53:01.268Z",
        "date_joined": "2020-10-03T10:53:01.268Z",
        "extra_data": "{\"id\": \"118266222544627515406\", \"name\": \"sumit hanchate\", \"given_name\": \"sumit\", \"family_name\": \"hanchate\", \"picture\": \"https://lh3.googleusercontent.com/a-/AOh14GiV7VgdNqgrcZssCe3X7jrmDil8dGbMrs7rroM7\", \"locale\": \"en\"}"
    }
},
{
    "model": "socialaccount.socialtoken",
    "pk": 1,
    "fields": {
        "app": 2,
        "account": 1,
        "token": "ya29.a0AfH6SMBFDttzC8IRMemxPMhHyY8zRavEspebGa8SodspcrM__VEzxQYI33GPklB9bGNVey2dnQn5Z-TkmFOCjcO-sLBn6XqYGQ7VHqd_uYKx6hZViiQ_S3oPW48X_C4hFIIXHY1W-V1ikYjEbXp5_tw_saUXCdS8LJI",
        "token_secret": "",
        "expires_at": "2020-10-03T11:58:21.708Z"
    }
},
{
    "model": "socialaccount.socialtoken",
    "pk": 2,
    "fields": {
        "app": 1,
        "account": 2,
        "token": "EAARZCTSxeclUBAEBEdefSRYZAKJJn8dmYS1R7imnPCVhZC6ZCSsmKlenGSh485zlwjgzS03m9WLEZCQKCTZCErCvRyEH0CKgRZCcoorUZByoZCvuSZAZCwOAZCWWp5sL34ZAfmZB8zCzbpnh40xnjrr9z0yjdM9ZCACJvDLtdoU3oGDfwvdYEHXdB50O9vOtydo0QxNaDAZD",
        "token_secret": "",
        "expires_at": "2020-12-02T10:50:43.962Z"
    }
},
{
    "model": "socialaccount.socialtoken",
    "pk": 3,
    "fields": {
        "app": 2,
        "account": 3,
        "token": "ya29.a0AfH6SMAiB1yqKDp-glkL20P_EkkDtUHt9aEN8UOjLLcD3xyUra7SO5Enbbm-iWhakkFkzImJ6VqAss626IDgIWXOyJugIUIJzowifHe1gdZYlTv_9aVpojeovb8z9PkX9FeA0pcn6sGqCiBrFxoieKVPpOR0Qcmt6wc",
        "token_secret": "",
        "expires_at": "2020-10-03T11:52:59.503Z"
    }
},
{
    "model": "admin.logentry",
    "pk": 1,
    "fields": {
        "action_time": "2020-09-11T06:23:58.506Z",
        "user": [
            "sumit"
        ],
        "content_type": [
            "pages",
            "team"
        ],
        "object_id": "1",
        "object_repr": "Jhon",
        "action_flag": 1,
        "change_message": "[{\"added\": {}}]"
    }
},
{
    "model": "admin.logentry",
    "pk": 2,
    "fields": {
        "action_time": "2020-09-11T06:53:39.631Z",
        "user": [
            "sumit"
        ],
        "content_type": [
            "pages",
            "team"
        ],
        "object_id": "1",
        "object_repr": "Jhon",
        "action_flag": 2,
        "change_message": "[{\"changed\": {\"fields\": [\"Photo\"]}}]"
    }
},
{
    "model": "admin.logentry",
    "pk": 3,
    "fields": {
        "action_time": "2020-09-11T06:57:37.993Z",
        "user": [
            "sumit"
        ],
        "content_type": [
            "pages",
            "team"
        ],
        "object_id": "1",
        "object_repr": "Jhon",
        "action_flag": 2,
        "change_message": "[{\"changed\": {\"fields\": [\"Photo\"]}}]"
    }
},
{
    "model": "admin.logentry",
    "pk": 4,
    "fields": {
        "action_time": "2020-09-11T07:03:26.051Z",
        "user": [
            "sumit"
        ],
        "content_type": [
            "pages",
            "team"
        ],
        "object_id": "1",
        "object_repr": "Jhon",
        "action_flag": 3,
        "change_message": ""
    }
},
{
    "model": "admin.logentry",
    "pk": 5,
    "fields": {
        "action_time": "2020-09-11T07:05:52.520Z",
        "user": [
            "sumit"
        ],
        "content_type": [
            "pages",
            "team"
        ],
        "object_id": "2",
        "object_repr": "Martin",
        "action_flag": 1,
        "change_message": "[{\"added\": {}}]"
    }
},
{
    "model": "admin.logentry",
    "pk": 6,
    "fields": {
        "action_time": "2020-09-11T07:06:48.062Z",
        "user": [
            "sumit"
        ],
        "content_type": [
            "pages",
            "team"
        ],
        "object_id": "3",
        "object_repr": "Stone",
        "action_flag": 1,
        "change_message": "[{\"added\": {}}]"
    }
},
{
    "model": "admin.logentry",
    "pk": 7,
    "fields": {
        "action_time": "2020-09-11T07:07:33.104Z",
        "user": [
            "sumit"
        ],
        "content_type": [
            "pages",
            "team"
        ],
        "object_id": "4",
        "object_repr": "Brandon",
        "action_flag": 1,
        "change_message": "[{\"added\": {}}]"
    }
},
{
    "model": "admin.logentry",
    "pk": 8,
    "fields": {
        "action_time": "2020-09-11T07:08:31.972Z",
        "user": [
            "sumit"
        ],
        "content_type": [
            "pages",
            "team"
        ],
        "object_id": "5",
        "object_repr": "Michelle",
        "action_flag": 1,
        "change_message": "[{\"added\": {}}]"
    }
},
{
    "model": "admin.logentry",
    "pk": 9,
    "fields": {
        "action_time": "2020-09-11T09:26:45.854Z",
        "user": [
            "sumit"
        ],
        "content_type": [
            "pages",
            "team"
        ],
        "object_id": "6",
        "object_repr": "Jhon",
        "action_flag": 1,
        "change_message": "[{\"added\": {}}]"
    }
},
{
    "model": "admin.logentry",
    "pk": 10,
    "fields": {
        "action_time": "2020-09-11T10:04:45.931Z",
        "user": [
            "sumit"
        ],
        "content_type": [
            "pages",
            "team"
        ],
        "object_id": "5",
        "object_repr": "Michelle",
        "action_flag": 2,
        "change_message": "[{\"changed\": {\"fields\": [\"Designation\"]}}]"
    }
},
{
    "model": "admin.logentry",
    "pk": 11,
    "fields": {
        "action_time": "2020-09-11T10:04:55.140Z",
        "user": [
            "sumit"
        ],
        "content_type": [
            "pages",
            "team"
        ],
        "object_id": "6",
        "object_repr": "Jhon",
        "action_flag": 2,
        "change_message": "[{\"changed\": {\"fields\": [\"Designation\"]}}]"
    }
},
{
    "model": "admin.logentry",
    "pk": 12,
    "fields": {
        "action_time": "2020-09-13T07:18:53.520Z",
        "user": [
            "sumit"
        ],
        "content_type": [
            "cars",
            "car"
        ],
        "object_id": "1",
        "object_repr": "Car object (1)",
        "action_flag": 1,
        "change_message": "[{\"added\": {}}]"
    }
},
{
    "model": "admin.logentry",
    "pk": 13,
    "fields": {
        "action_time": "2020-09-13T07:31:52.219Z",
        "user": [
            "sumit"
        ],
        "content_type": [
            "cars",
            "car"
        ],
        "object_id": "2",
        "object_repr": "2017 Ford Edge",
        "action_flag": 1,
        "change_message": "[{\"added\": {}}]"
    }
},
{
    "model": "admin.logentry",
    "pk": 14,
    "fields": {
        "action_time": "2020-09-13T07:42:10.882Z",
        "user": [
            "sumit"
        ],
        "content_type": [
            "cars",
            "car"
        ],
        "object_id": "3",
        "object_repr": "2017 Ford F-250 Super Duty",
        "action_flag": 1,
        "change_message": "[{\"added\": {}}]"
    }
},
{
    "model": "admin.logentry",
    "pk": 15,
    "fields": {
        "action_time": "2020-09-13T07:49:35.418Z",
        "user": [
            "sumit"
        ],
        "content_type": [
            "cars",
            "car"
        ],
        "object_id": "4",
        "object_repr": "2017 Jaguar F-PACE",
        "action_flag": 1,
        "change_message": "[{\"added\": {}}]"
    }
},
{
    "model": "admin.logentry",
    "pk": 16,
    "fields": {
        "action_time": "2020-09-13T07:55:17.501Z",
        "user": [
            "sumit"
        ],
        "content_type": [
            "cars",
            "car"
        ],
        "object_id": "5",
        "object_repr": "2018 Toyota 4Runner",
        "action_flag": 1,
        "change_message": "[{\"added\": {}}]"
    }
},
{
    "model": "admin.logentry",
    "pk": 17,
    "fields": {
        "action_time": "2020-09-13T07:59:38.676Z",
        "user": [
            "sumit"
        ],
        "content_type": [
            "cars",
            "car"
        ],
        "object_id": "6",
        "object_repr": "2018 Toyota Corolla",
        "action_flag": 1,
        "change_message": "[{\"added\": {}}]"
    }
},
{
    "model": "admin.logentry",
    "pk": 18,
    "fields": {
        "action_time": "2020-09-13T08:20:30.005Z",
        "user": [
            "sumit"
        ],
        "content_type": [
            "cars",
            "car"
        ],
        "object_id": "3",
        "object_repr": "2017 Ford F-250 Super Duty",
        "action_flag": 2,
        "change_message": "[{\"changed\": {\"fields\": [\"Is featured\"]}}]"
    }
},
{
    "model": "admin.logentry",
    "pk": 19,
    "fields": {
        "action_time": "2020-09-13T08:20:34.420Z",
        "user": [
            "sumit"
        ],
        "content_type": [
            "cars",
            "car"
        ],
        "object_id": "3",
        "object_repr": "2017 Ford F-250 Super Duty",
        "action_flag": 2,
        "change_message": "[{\"changed\": {\"fields\": [\"Is featured\"]}}]"
    }
},
{
    "model": "admin.logentry",
    "pk": 20,
    "fields": {
        "action_time": "2020-09-14T08:56:56.710Z",
        "user": [
            "sumit"
        ],
        "content_type": [
            "cars",
            "car"
        ],
        "object_id": "3",
        "object_repr": "2017 Ford F-250 Super Duty",
        "action_flag": 2,
        "change_message": "[{\"changed\": {\"fields\": [\"Transmission\"]}}]"
    }
},
{
    "model": "admin.logentry",
    "pk": 21,
    "fields": {
        "action_time": "2020-10-03T07:23:46.943Z",
        "user": [
            "sumit"
        ],
        "content_type": [
            "socialaccount",
            "socialapp"
        ],
        "object_id": "1",
        "object_repr": "Facebook login",
        "action_flag": 1,
        "change_message": "[{\"added\": {}}]"
    }
},
{
    "model": "admin.logentry",
    "pk": 22,
    "fields": {
        "action_time": "2020-10-03T07:25:33.040Z",
        "user": [
            "sumit"
        ],
        "content_type": [
            "sites",
            "site"
        ],
        "object_id": "1",
        "object_repr": "localhost:8000",
        "action_flag": 2,
        "change_message": "[{\"changed\": {\"fields\": [\"Domain name\", \"Display name\"]}}]"
    }
},
{
    "model": "admin.logentry",
    "pk": 23,
    "fields": {
        "action_time": "2020-10-03T08:00:01.980Z",
        "user": [
            "sumit"
        ],
        "content_type": [
            "socialaccount",
            "socialapp"
        ],
        "object_id": "2",
        "object_repr": "google",
        "action_flag": 1,
        "change_message": "[{\"added\": {}}]"
    }
},
{
    "model": "admin.logentry",
    "pk": 24,
    "fields": {
        "action_time": "2020-10-04T11:09:13.369Z",
        "user": [
            "sumit"
        ],
        "content_type": [
            "auth",
            "user"
        ],
        "object_id": "1",
        "object_repr": "sumit",
        "action_flag": 2,
        "change_message": "[{\"changed\": {\"fields\": [\"Email address\", \"Last login\"]}}]"
    }
},
{
    "model": "admin.logentry",
    "pk": 25,
    "fields": {
        "action_time": "2020-10-04T11:28:59.598Z",
        "user": [
            "sumit"
        ],
        "content_type": [
            "auth",
            "user"
        ],
        "object_id": "1",
        "object_repr": "sumit",
        "action_flag": 2,
        "change_message": "[{\"changed\": {\"fields\": [\"Email address\"]}}]"
    }
}
]
